merchant_id,name,category
1000,travel_merchant_1000,travel
1001,services_merchant_1001,services
1002,utilities_merchant_1002,utilities
1003,rent_merchant_1003,rent
1004,retail_merchant_1004,retail
1005,utilities_merchant_1005,utilities
1006,fuel_merchant_1006,fuel
1007,entertainment_merchant_1007,entertainment
1008,retail_merchant_1008,retail
1009,rent_merchant_1009,rent
1010,fuel_merchant_1010,fuel
1011,health_merchant_1011,health
1012,utilities_merchant_1012,utilities
1013,entertainment_merchant_1013,entertainment
1014,rent_merchant_1014,rent
1015,retail_merchant_1015,retail
1016,health_merchant_1016,health
1017,groceries_merchant_1017,groceries
1018,travel_merchant_1018,travel
1019,services_merchant_1019,services
1020,retail_merchant_1020,retail
1021,utilities_merchant_1021,utilities
1022,entertainment_merchant_1022,entertainment
1023,services_merchant_1023,services
1024,groceries_merchant_1024,groceries
1025,utilities_merchant_1025,utilities
1026,health_merchant_1026,health
1027,fuel_merchant_1027,fuel
1028,health_merchant_1028,health
1029,retail_merchant_1029,retail
1030,health_merchant_1030,health
1031,rent_merchant_1031,rent
1032,travel_merchant_1032,travel
1033,rent_merchant_1033,rent
1034,rent_merchant_1034,rent
1035,entertainment_merchant_1035,entertainment
1036,rent_merchant_1036,rent
1037,services_merchant_1037,services
1038,restaurants_merchant_1038,restaurants
1039,health_merchant_1039,health
1040,restaurants_merchant_1040,restaurants
1041,travel_merchant_1041,travel
1042,utilities_merchant_1042,utilities
1043,groceries_merchant_1043,groceries
1044,fuel_merchant_1044,fuel
1045,restaurants_merchant_1045,restaurants
1046,retail_merchant_1046,retail
1047,restaurants_merchant_1047,restaurants
1048,rent_merchant_1048,rent
1049,entertainment_merchant_1049,entertainment
1050,groceries_merchant_1050,groceries
1051,groceries_merchant_1051,groceries
1052,rent_merchant_1052,rent
1053,groceries_merchant_1053,groceries
1054,entertainment_merchant_1054,entertainment
1055,utilities_merchant_1055,utilities
1056,restaurants_merchant_1056,restaurants
1057,retail_merchant_1057,retail
1058,travel_merchant_1058,travel
1059,groceries_merchant_1059,groceries
1060,restaurants_merchant_1060,restaurants
1061,fuel_merchant_1061,fuel
1062,retail_merchant_1062,retail
1063,utilities_merchant_1063,utilities
1064,restaurants_merchant_1064,restaurants
1065,retail_merchant_1065,retail
1066,restaurants_merchant_1066,restaurants
1067,retail_merchant_1067,retail
1068,utilities_merchant_1068,utilities
1069,rent_merchant_1069,rent
1070,travel_merchant_1070,travel
1071,retail_merchant_1071,retail
1072,restaurants_merchant_1072,restaurants
1073,travel_merchant_1073,travel
1074,health_merchant_1074,health
1075,groceries_merchant_1075,groceries
1076,entertainment_merchant_1076,entertainment
1077,utilities_merchant_1077,utilities
1078,groceries_merchant_1078,groceries
1079,groceries_merchant_1079,groceries
1080,services_merchant_1080,services
1081,travel_merchant_1081,travel
1082,rent_merchant_1082,rent
1083,health_merchant_1083,health
1084,utilities_merchant_1084,utilities
1085,travel_merchant_1085,travel
1086,groceries_merchant_1086,groceries
1087,entertainment_merchant_1087,entertainment
1088,entertainment_merchant_1088,entertainment
1089,groceries_merchant_1089,groceries
1090,health_merchant_1090,health
1091,fuel_merchant_1091,fuel
1092,travel_merchant_1092,travel
1093,groceries_merchant_1093,groceries
1094,restaurants_merchant_1094,restaurants
1095,entertainment_merchant_1095,entertainment
1096,health_merchant_1096,health
1097,restaurants_merchant_1097,restaurants
1098,services_merchant_1098,services
1099,services_merchant_1099,services
1100,retail_merchant_1100,retail
1101,retail_merchant_1101,retail
1102,retail_merchant_1102,retail
1103,groceries_merchant_1103,groceries
1104,health_merchant_1104,health
1105,utilities_merchant_1105,utilities
1106,health_merchant_1106,health
1107,utilities_merchant_1107,utilities
1108,rent_merchant_1108,rent
1109,services_merchant_1109,services
1110,travel_merchant_1110,travel
1111,services_merchant_1111,services
1112,utilities_merchant_1112,utilities
1113,health_merchant_1113,health
1114,fuel_merchant_1114,fuel
1115,fuel_merchant_1115,fuel
1116,rent_merchant_1116,rent
1117,rent_merchant_1117,rent
1118,utilities_merchant_1118,utilities
1119,retail_merchant_1119,retail
1120,fuel_merchant_1120,fuel
1121,utilities_merchant_1121,utilities
1122,groceries_merchant_1122,groceries
1123,utilities_merchant_1123,utilities
1124,restaurants_merchant_1124,restaurants
1125,services_merchant_1125,services
1126,retail_merchant_1126,retail
1127,fuel_merchant_1127,fuel
1128,travel_merchant_1128,travel
1129,health_merchant_1129,health
1130,entertainment_merchant_1130,entertainment
1131,services_merchant_1131,services
1132,restaurants_merchant_1132,restaurants
1133,rent_merchant_1133,rent
1134,travel_merchant_1134,travel
1135,fuel_merchant_1135,fuel
1136,restaurants_merchant_1136,restaurants
1137,entertainment_merchant_1137,entertainment
1138,health_merchant_1138,health
1139,utilities_merchant_1139,utilities
1140,travel_merchant_1140,travel
1141,rent_merchant_1141,rent
1142,fuel_merchant_1142,fuel
1143,groceries_merchant_1143,groceries
1144,services_merchant_1144,services
1145,health_merchant_1145,health
1146,entertainment_merchant_1146,entertainment
1147,utilities_merchant_1147,utilities
1148,health_merchant_1148,health
1149,fuel_merchant_1149,fuel
1150,travel_merchant_1150,travel
1151,utilities_merchant_1151,utilities
1152,rent_merchant_1152,rent
1153,groceries_merchant_1153,groceries
1154,restaurants_merchant_1154,restaurants
1155,services_merchant_1155,services
1156,restaurants_merchant_1156,restaurants
1157,services_merchant_1157,services
1158,retail_merchant_1158,retail
1159,fuel_merchant_1159,fuel
1160,groceries_merchant_1160,groceries
1161,health_merchant_1161,health
1162,retail_merchant_1162,retail
1163,restaurants_merchant_1163,restaurants
1164,restaurants_merchant_1164,restaurants
1165,travel_merchant_1165,travel
1166,restaurants_merchant_1166,restaurants
1167,fuel_merchant_1167,fuel
1168,fuel_merchant_1168,fuel
1169,utilities_merchant_1169,utilities
1170,utilities_merchant_1170,utilities
1171,travel_merchant_1171,travel
1172,retail_merchant_1172,retail
1173,restaurants_merchant_1173,restaurants
1174,restaurants_merchant_1174,restaurants
1175,groceries_merchant_1175,groceries
1176,entertainment_merchant_1176,entertainment
1177,groceries_merchant_1177,groceries
1178,fuel_merchant_1178,fuel
1179,services_merchant_1179,services
1180,restaurants_merchant_1180,restaurants
1181,utilities_merchant_1181,utilities
1182,travel_merchant_1182,travel
1183,restaurants_merchant_1183,restaurants
1184,retail_merchant_1184,retail
1185,health_merchant_1185,health
1186,travel_merchant_1186,travel
1187,utilities_merchant_1187,utilities
1188,restaurants_merchant_1188,restaurants
1189,restaurants_merchant_1189,restaurants
1190,health_merchant_1190,health
1191,services_merchant_1191,services
1192,retail_merchant_1192,retail
1193,services_merchant_1193,services
1194,travel_merchant_1194,travel
1195,utilities_merchant_1195,utilities
1196,travel_merchant_1196,travel
1197,services_merchant_1197,services
1198,services_merchant_1198,services
1199,rent_merchant_1199,rent
1200,fuel_merchant_1200,fuel
1201,restaurants_merchant_1201,restaurants
1202,fuel_merchant_1202,fuel
1203,travel_merchant_1203,travel
1204,health_merchant_1204,health
1205,services_merchant_1205,services
1206,retail_merchant_1206,retail
1207,entertainment_merchant_1207,entertainment
1208,travel_merchant_1208,travel
1209,health_merchant_1209,health
1210,retail_merchant_1210,retail
1211,groceries_merchant_1211,groceries
1212,utilities_merchant_1212,utilities
1213,retail_merchant_1213,retail
1214,restaurants_merchant_1214,restaurants
1215,health_merchant_1215,health
1216,health_merchant_1216,health
1217,retail_merchant_1217,retail
1218,health_merchant_1218,health
1219,fuel_merchant_1219,fuel
1220,retail_merchant_1220,retail
1221,groceries_merchant_1221,groceries
1222,services_merchant_1222,services
1223,fuel_merchant_1223,fuel
1224,utilities_merchant_1224,utilities
1225,health_merchant_1225,health
1226,health_merchant_1226,health
1227,utilities_merchant_1227,utilities
1228,health_merchant_1228,health
1229,restaurants_merchant_1229,restaurants
1230,entertainment_merchant_1230,entertainment
1231,retail_merchant_1231,retail
1232,retail_merchant_1232,retail
1233,travel_merchant_1233,travel
1234,services_merchant_1234,services
1235,services_merchant_1235,services
1236,fuel_merchant_1236,fuel
1237,restaurants_merchant_1237,restaurants
1238,travel_merchant_1238,travel
1239,rent_merchant_1239,rent
1240,utilities_merchant_1240,utilities
1241,entertainment_merchant_1241,entertainment
1242,rent_merchant_1242,rent
1243,restaurants_merchant_1243,restaurants
1244,entertainment_merchant_1244,entertainment
1245,rent_merchant_1245,rent
1246,groceries_merchant_1246,groceries
1247,health_merchant_1247,health
1248,entertainment_merchant_1248,entertainment
1249,travel_merchant_1249,travel
1250,fuel_merchant_1250,fuel
1251,fuel_merchant_1251,fuel
1252,entertainment_merchant_1252,entertainment
1253,services_merchant_1253,services
1254,fuel_merchant_1254,fuel
1255,retail_merchant_1255,retail
1256,rent_merchant_1256,rent
1257,services_merchant_1257,services
1258,entertainment_merchant_1258,entertainment
1259,entertainment_merchant_1259,entertainment
1260,services_merchant_1260,services
1261,services_merchant_1261,services
1262,groceries_merchant_1262,groceries
1263,rent_merchant_1263,rent
1264,fuel_merchant_1264,fuel
1265,travel_merchant_1265,travel
1266,health_merchant_1266,health
1267,rent_merchant_1267,rent
1268,entertainment_merchant_1268,entertainment
1269,restaurants_merchant_1269,restaurants
1270,fuel_merchant_1270,fuel
1271,rent_merchant_1271,rent
1272,retail_merchant_1272,retail
1273,restaurants_merchant_1273,restaurants
1274,groceries_merchant_1274,groceries
1275,utilities_merchant_1275,utilities
1276,health_merchant_1276,health
1277,entertainment_merchant_1277,entertainment
1278,services_merchant_1278,services
1279,health_merchant_1279,health
1280,entertainment_merchant_1280,entertainment
1281,travel_merchant_1281,travel
1282,utilities_merchant_1282,utilities
1283,services_merchant_1283,services
1284,entertainment_merchant_1284,entertainment
1285,rent_merchant_1285,rent
1286,entertainment_merchant_1286,entertainment
1287,entertainment_merchant_1287,entertainment
1288,fuel_merchant_1288,fuel
1289,health_merchant_1289,health
1290,fuel_merchant_1290,fuel
1291,services_merchant_1291,services
1292,travel_merchant_1292,travel
1293,restaurants_merchant_1293,restaurants
1294,travel_merchant_1294,travel
1295,rent_merchant_1295,rent
1296,services_merchant_1296,services
1297,groceries_merchant_1297,groceries
1298,services_merchant_1298,services
1299,health_merchant_1299,health
1300,health_merchant_1300,health
1301,rent_merchant_1301,rent
1302,services_merchant_1302,services
1303,entertainment_merchant_1303,entertainment
1304,retail_merchant_1304,retail
1305,rent_merchant_1305,rent
1306,health_merchant_1306,health
1307,entertainment_merchant_1307,entertainment
1308,retail_merchant_1308,retail
1309,entertainment_merchant_1309,entertainment
1310,health_merchant_1310,health
1311,restaurants_merchant_1311,restaurants
1312,retail_merchant_1312,retail
1313,entertainment_merchant_1313,entertainment
1314,groceries_merchant_1314,groceries
1315,entertainment_merchant_1315,entertainment
1316,restaurants_merchant_1316,restaurants
1317,restaurants_merchant_1317,restaurants
1318,retail_merchant_1318,retail
1319,fuel_merchant_1319,fuel
1320,fuel_merchant_1320,fuel
1321,services_merchant_1321,services
1322,restaurants_merchant_1322,restaurants
1323,health_merchant_1323,health
1324,travel_merchant_1324,travel
1325,utilities_merchant_1325,utilities
1326,entertainment_merchant_1326,entertainment
1327,entertainment_merchant_1327,entertainment
1328,restaurants_merchant_1328,restaurants
1329,fuel_merchant_1329,fuel
1330,health_merchant_1330,health
1331,retail_merchant_1331,retail
1332,utilities_merchant_1332,utilities
1333,travel_merchant_1333,travel
1334,entertainment_merchant_1334,entertainment
1335,entertainment_merchant_1335,entertainment
1336,services_merchant_1336,services
1337,restaurants_merchant_1337,restaurants
1338,travel_merchant_1338,travel
1339,entertainment_merchant_1339,entertainment
1340,groceries_merchant_1340,groceries
1341,groceries_merchant_1341,groceries
1342,rent_merchant_1342,rent
1343,services_merchant_1343,services
1344,travel_merchant_1344,travel
1345,rent_merchant_1345,rent
1346,utilities_merchant_1346,utilities
1347,services_merchant_1347,services
1348,utilities_merchant_1348,utilities
1349,services_merchant_1349,services
1350,travel_merchant_1350,travel
1351,groceries_merchant_1351,groceries
1352,groceries_merchant_1352,groceries
1353,utilities_merchant_1353,utilities
1354,utilities_merchant_1354,utilities
1355,services_merchant_1355,services
1356,groceries_merchant_1356,groceries
1357,fuel_merchant_1357,fuel
1358,services_merchant_1358,services
1359,retail_merchant_1359,retail
1360,restaurants_merchant_1360,restaurants
1361,restaurants_merchant_1361,restaurants
1362,groceries_merchant_1362,groceries
1363,utilities_merchant_1363,utilities
1364,health_merchant_1364,health
1365,travel_merchant_1365,travel
1366,services_merchant_1366,services
1367,entertainment_merchant_1367,entertainment
1368,services_merchant_1368,services
1369,utilities_merchant_1369,utilities
1370,restaurants_merchant_1370,restaurants
1371,groceries_merchant_1371,groceries
1372,services_merchant_1372,services
1373,utilities_merchant_1373,utilities
1374,groceries_merchant_1374,groceries
1375,retail_merchant_1375,retail
1376,restaurants_merchant_1376,restaurants
1377,health_merchant_1377,health
1378,entertainment_merchant_1378,entertainment
1379,retail_merchant_1379,retail
1380,health_merchant_1380,health
1381,entertainment_merchant_1381,entertainment
1382,retail_merchant_1382,retail
1383,entertainment_merchant_1383,entertainment
1384,retail_merchant_1384,retail
1385,health_merchant_1385,health
1386,groceries_merchant_1386,groceries
1387,health_merchant_1387,health
1388,retail_merchant_1388,retail
1389,groceries_merchant_1389,groceries
1390,health_merchant_1390,health
1391,fuel_merchant_1391,fuel
1392,groceries_merchant_1392,groceries
1393,health_merchant_1393,health
1394,fuel_merchant_1394,fuel
1395,groceries_merchant_1395,groceries
1396,travel_merchant_1396,travel
1397,rent_merchant_1397,rent
1398,services_merchant_1398,services
1399,restaurants_merchant_1399,restaurants
1400,rent_merchant_1400,rent
1401,groceries_merchant_1401,groceries
1402,travel_merchant_1402,travel
1403,travel_merchant_1403,travel
1404,restaurants_merchant_1404,restaurants
1405,retail_merchant_1405,retail
1406,entertainment_merchant_1406,entertainment
1407,retail_merchant_1407,retail
1408,rent_merchant_1408,rent
1409,health_merchant_1409,health
1410,services_merchant_1410,services
1411,rent_merchant_1411,rent
1412,services_merchant_1412,services
1413,health_merchant_1413,health
1414,services_merchant_1414,services
1415,retail_merchant_1415,retail
1416,groceries_merchant_1416,groceries
1417,health_merchant_1417,health
1418,services_merchant_1418,services
1419,travel_merchant_1419,travel
1420,entertainment_merchant_1420,entertainment
1421,restaurants_merchant_1421,restaurants
1422,fuel_merchant_1422,fuel
1423,services_merchant_1423,services
1424,groceries_merchant_1424,groceries
1425,services_merchant_1425,services
1426,services_merchant_1426,services
1427,health_merchant_1427,health
1428,rent_merchant_1428,rent
1429,restaurants_merchant_1429,restaurants
1430,travel_merchant_1430,travel
1431,groceries_merchant_1431,groceries
1432,retail_merchant_1432,retail
1433,fuel_merchant_1433,fuel
1434,groceries_merchant_1434,groceries
1435,utilities_merchant_1435,utilities
1436,entertainment_merchant_1436,entertainment
1437,rent_merchant_1437,rent
1438,retail_merchant_1438,retail
1439,utilities_merchant_1439,utilities
1440,groceries_merchant_1440,groceries
1441,groceries_merchant_1441,groceries
1442,services_merchant_1442,services
1443,restaurants_merchant_1443,restaurants
1444,groceries_merchant_1444,groceries
1445,restaurants_merchant_1445,restaurants
1446,services_merchant_1446,services
1447,fuel_merchant_1447,fuel
1448,utilities_merchant_1448,utilities
1449,restaurants_merchant_1449,restaurants
1450,entertainment_merchant_1450,entertainment
1451,rent_merchant_1451,rent
1452,travel_merchant_1452,travel
1453,fuel_merchant_1453,fuel
1454,rent_merchant_1454,rent
1455,groceries_merchant_1455,groceries
1456,groceries_merchant_1456,groceries
1457,services_merchant_1457,services
1458,health_merchant_1458,health
1459,travel_merchant_1459,travel
1460,entertainment_merchant_1460,entertainment
1461,utilities_merchant_1461,utilities
1462,fuel_merchant_1462,fuel
1463,health_merchant_1463,health
1464,travel_merchant_1464,travel
1465,groceries_merchant_1465,groceries
1466,health_merchant_1466,health
1467,travel_merchant_1467,travel
1468,entertainment_merchant_1468,entertainment
1469,health_merchant_1469,health
1470,fuel_merchant_1470,fuel
1471,restaurants_merchant_1471,restaurants
1472,fuel_merchant_1472,fuel
1473,entertainment_merchant_1473,entertainment
1474,health_merchant_1474,health
1475,health_merchant_1475,health
1476,services_merchant_1476,services
1477,travel_merchant_1477,travel
1478,groceries_merchant_1478,groceries
1479,services_merchant_1479,services
1480,groceries_merchant_1480,groceries
1481,travel_merchant_1481,travel
1482,restaurants_merchant_1482,restaurants
1483,fuel_merchant_1483,fuel
1484,entertainment_merchant_1484,entertainment
1485,groceries_merchant_1485,groceries
1486,entertainment_merchant_1486,entertainment
1487,health_merchant_1487,health
1488,utilities_merchant_1488,utilities
1489,restaurants_merchant_1489,restaurants
1490,utilities_merchant_1490,utilities
1491,entertainment_merchant_1491,entertainment
1492,groceries_merchant_1492,groceries
1493,retail_merchant_1493,retail
1494,retail_merchant_1494,retail
1495,services_merchant_1495,services
1496,groceries_merchant_1496,groceries
1497,utilities_merchant_1497,utilities
1498,entertainment_merchant_1498,entertainment
1499,health_merchant_1499,health
1500,rent_merchant_1500,rent
1501,retail_merchant_1501,retail
1502,fuel_merchant_1502,fuel
1503,rent_merchant_1503,rent
1504,retail_merchant_1504,retail
1505,rent_merchant_1505,rent
1506,health_merchant_1506,health
1507,restaurants_merchant_1507,restaurants
1508,health_merchant_1508,health
1509,health_merchant_1509,health
1510,utilities_merchant_1510,utilities
1511,entertainment_merchant_1511,entertainment
1512,rent_merchant_1512,rent
1513,rent_merchant_1513,rent
1514,travel_merchant_1514,travel
1515,rent_merchant_1515,rent
1516,fuel_merchant_1516,fuel
1517,utilities_merchant_1517,utilities
1518,restaurants_merchant_1518,restaurants
1519,utilities_merchant_1519,utilities
1520,restaurants_merchant_1520,restaurants
1521,rent_merchant_1521,rent
1522,travel_merchant_1522,travel
1523,utilities_merchant_1523,utilities
1524,health_merchant_1524,health
1525,rent_merchant_1525,rent
1526,restaurants_merchant_1526,restaurants
1527,services_merchant_1527,services
1528,retail_merchant_1528,retail
1529,restaurants_merchant_1529,restaurants
1530,services_merchant_1530,services
1531,fuel_merchant_1531,fuel
1532,retail_merchant_1532,retail
1533,utilities_merchant_1533,utilities
1534,retail_merchant_1534,retail
1535,travel_merchant_1535,travel
1536,services_merchant_1536,services
1537,entertainment_merchant_1537,entertainment
1538,travel_merchant_1538,travel
1539,services_merchant_1539,services
1540,travel_merchant_1540,travel
1541,travel_merchant_1541,travel
1542,services_merchant_1542,services
1543,health_merchant_1543,health
1544,entertainment_merchant_1544,entertainment
1545,fuel_merchant_1545,fuel
1546,utilities_merchant_1546,utilities
1547,fuel_merchant_1547,fuel
1548,travel_merchant_1548,travel
1549,travel_merchant_1549,travel
1550,utilities_merchant_1550,utilities
1551,travel_merchant_1551,travel
1552,retail_merchant_1552,retail
1553,fuel_merchant_1553,fuel
1554,rent_merchant_1554,rent
1555,services_merchant_1555,services
1556,services_merchant_1556,services
1557,groceries_merchant_1557,groceries
1558,health_merchant_1558,health
1559,rent_merchant_1559,rent
1560,travel_merchant_1560,travel
1561,travel_merchant_1561,travel
1562,utilities_merchant_1562,utilities
1563,utilities_merchant_1563,utilities
1564,restaurants_merchant_1564,restaurants
1565,entertainment_merchant_1565,entertainment
1566,utilities_merchant_1566,utilities
1567,fuel_merchant_1567,fuel
1568,services_merchant_1568,services
1569,services_merchant_1569,services
1570,health_merchant_1570,health
1571,restaurants_merchant_1571,restaurants
1572,restaurants_merchant_1572,restaurants
1573,services_merchant_1573,services
1574,retail_merchant_1574,retail
1575,utilities_merchant_1575,utilities
1576,restaurants_merchant_1576,restaurants
1577,restaurants_merchant_1577,restaurants
1578,entertainment_merchant_1578,entertainment
1579,travel_merchant_1579,travel
1580,utilities_merchant_1580,utilities
1581,services_merchant_1581,services
1582,fuel_merchant_1582,fuel
1583,services_merchant_1583,services
1584,groceries_merchant_1584,groceries
1585,groceries_merchant_1585,groceries
1586,retail_merchant_1586,retail
1587,fuel_merchant_1587,fuel
1588,travel_merchant_1588,travel
1589,retail_merchant_1589,retail
1590,restaurants_merchant_1590,restaurants
1591,utilities_merchant_1591,utilities
1592,services_merchant_1592,services
1593,retail_merchant_1593,retail
1594,entertainment_merchant_1594,entertainment
1595,retail_merchant_1595,retail
1596,restaurants_merchant_1596,restaurants
1597,services_merchant_1597,services
1598,entertainment_merchant_1598,entertainment
1599,restaurants_merchant_1599,restaurants
1600,services_merchant_1600,services
1601,entertainment_merchant_1601,entertainment
1602,rent_merchant_1602,rent
1603,entertainment_merchant_1603,entertainment
1604,services_merchant_1604,services
1605,travel_merchant_1605,travel
1606,health_merchant_1606,health
1607,retail_merchant_1607,retail
1608,entertainment_merchant_1608,entertainment
1609,rent_merchant_1609,rent
1610,travel_merchant_1610,travel
1611,utilities_merchant_1611,utilities
1612,services_merchant_1612,services
1613,health_merchant_1613,health
1614,groceries_merchant_1614,groceries
1615,health_merchant_1615,health
1616,restaurants_merchant_1616,restaurants
1617,fuel_merchant_1617,fuel
1618,health_merchant_1618,health
1619,entertainment_merchant_1619,entertainment
1620,utilities_merchant_1620,utilities
1621,services_merchant_1621,services
1622,restaurants_merchant_1622,restaurants
1623,fuel_merchant_1623,fuel
1624,services_merchant_1624,services
1625,retail_merchant_1625,retail
1626,entertainment_merchant_1626,entertainment
1627,fuel_merchant_1627,fuel
1628,groceries_merchant_1628,groceries
1629,services_merchant_1629,services
1630,groceries_merchant_1630,groceries
1631,rent_merchant_1631,rent
1632,restaurants_merchant_1632,restaurants
1633,retail_merchant_1633,retail
1634,rent_merchant_1634,rent
1635,retail_merchant_1635,retail
1636,services_merchant_1636,services
1637,fuel_merchant_1637,fuel
1638,health_merchant_1638,health
1639,utilities_merchant_1639,utilities
1640,travel_merchant_1640,travel
1641,health_merchant_1641,health
1642,entertainment_merchant_1642,entertainment
1643,services_merchant_1643,services
1644,fuel_merchant_1644,fuel
1645,fuel_merchant_1645,fuel
1646,entertainment_merchant_1646,entertainment
1647,services_merchant_1647,services
1648,health_merchant_1648,health
1649,utilities_merchant_1649,utilities
1650,retail_merchant_1650,retail
1651,services_merchant_1651,services
1652,fuel_merchant_1652,fuel
1653,entertainment_merchant_1653,entertainment
1654,restaurants_merchant_1654,restaurants
1655,health_merchant_1655,health
1656,utilities_merchant_1656,utilities
1657,health_merchant_1657,health
1658,services_merchant_1658,services
1659,services_merchant_1659,services
1660,rent_merchant_1660,rent
1661,restaurants_merchant_1661,restaurants
1662,health_merchant_1662,health
1663,groceries_merchant_1663,groceries
1664,travel_merchant_1664,travel
1665,health_merchant_1665,health
1666,entertainment_merchant_1666,entertainment
1667,travel_merchant_1667,travel
1668,rent_merchant_1668,rent
1669,fuel_merchant_1669,fuel
1670,rent_merchant_1670,rent
1671,fuel_merchant_1671,fuel
1672,groceries_merchant_1672,groceries
1673,rent_merchant_1673,rent
1674,utilities_merchant_1674,utilities
1675,utilities_merchant_1675,utilities
1676,services_merchant_1676,services
1677,health_merchant_1677,health
1678,fuel_merchant_1678,fuel
1679,fuel_merchant_1679,fuel
1680,utilities_merchant_1680,utilities
1681,rent_merchant_1681,rent
1682,fuel_merchant_1682,fuel
1683,travel_merchant_1683,travel
1684,retail_merchant_1684,retail
1685,groceries_merchant_1685,groceries
1686,services_merchant_1686,services
1687,services_merchant_1687,services
1688,rent_merchant_1688,rent
1689,services_merchant_1689,services
1690,entertainment_merchant_1690,entertainment
1691,groceries_merchant_1691,groceries
1692,utilities_merchant_1692,utilities
1693,utilities_merchant_1693,utilities
1694,groceries_merchant_1694,groceries
1695,health_merchant_1695,health
1696,health_merchant_1696,health
1697,rent_merchant_1697,rent
1698,restaurants_merchant_1698,restaurants
1699,groceries_merchant_1699,groceries
1700,fuel_merchant_1700,fuel
1701,fuel_merchant_1701,fuel
1702,services_merchant_1702,services
1703,entertainment_merchant_1703,entertainment
1704,groceries_merchant_1704,groceries
1705,restaurants_merchant_1705,restaurants
1706,fuel_merchant_1706,fuel
1707,restaurants_merchant_1707,restaurants
1708,fuel_merchant_1708,fuel
1709,services_merchant_1709,services
1710,health_merchant_1710,health
1711,services_merchant_1711,services
1712,fuel_merchant_1712,fuel
1713,utilities_merchant_1713,utilities
1714,health_merchant_1714,health
1715,fuel_merchant_1715,fuel
1716,utilities_merchant_1716,utilities
1717,groceries_merchant_1717,groceries
1718,entertainment_merchant_1718,entertainment
1719,services_merchant_1719,services
1720,travel_merchant_1720,travel
1721,entertainment_merchant_1721,entertainment
1722,fuel_merchant_1722,fuel
1723,health_merchant_1723,health
1724,entertainment_merchant_1724,entertainment
1725,health_merchant_1725,health
1726,restaurants_merchant_1726,restaurants
1727,services_merchant_1727,services
1728,travel_merchant_1728,travel
1729,retail_merchant_1729,retail
1730,entertainment_merchant_1730,entertainment
1731,health_merchant_1731,health
1732,fuel_merchant_1732,fuel
1733,fuel_merchant_1733,fuel
1734,groceries_merchant_1734,groceries
1735,health_merchant_1735,health
1736,fuel_merchant_1736,fuel
1737,rent_merchant_1737,rent
1738,travel_merchant_1738,travel
1739,retail_merchant_1739,retail
1740,restaurants_merchant_1740,restaurants
1741,utilities_merchant_1741,utilities
1742,services_merchant_1742,services
1743,rent_merchant_1743,rent
1744,services_merchant_1744,services
1745,health_merchant_1745,health
1746,retail_merchant_1746,retail
1747,retail_merchant_1747,retail
1748,restaurants_merchant_1748,restaurants
1749,restaurants_merchant_1749,restaurants
1750,health_merchant_1750,health
1751,entertainment_merchant_1751,entertainment
1752,utilities_merchant_1752,utilities
1753,entertainment_merchant_1753,entertainment
1754,entertainment_merchant_1754,entertainment
1755,travel_merchant_1755,travel
1756,fuel_merchant_1756,fuel
1757,fuel_merchant_1757,fuel
1758,utilities_merchant_1758,utilities
1759,retail_merchant_1759,retail
1760,restaurants_merchant_1760,restaurants
1761,retail_merchant_1761,retail
1762,entertainment_merchant_1762,entertainment
1763,travel_merchant_1763,travel
1764,fuel_merchant_1764,fuel
1765,groceries_merchant_1765,groceries
1766,health_merchant_1766,health
1767,health_merchant_1767,health
1768,utilities_merchant_1768,utilities
1769,restaurants_merchant_1769,restaurants
1770,utilities_merchant_1770,utilities
1771,retail_merchant_1771,retail
1772,rent_merchant_1772,rent
1773,entertainment_merchant_1773,entertainment
1774,health_merchant_1774,health
1775,rent_merchant_1775,rent
1776,fuel_merchant_1776,fuel
1777,utilities_merchant_1777,utilities
1778,groceries_merchant_1778,groceries
1779,travel_merchant_1779,travel
1780,utilities_merchant_1780,utilities
1781,health_merchant_1781,health
1782,groceries_merchant_1782,groceries
1783,fuel_merchant_1783,fuel
1784,services_merchant_1784,services
1785,travel_merchant_1785,travel
1786,restaurants_merchant_1786,restaurants
1787,entertainment_merchant_1787,entertainment
1788,health_merchant_1788,health
1789,fuel_merchant_1789,fuel
1790,retail_merchant_1790,retail
1791,travel_merchant_1791,travel
1792,utilities_merchant_1792,utilities
1793,entertainment_merchant_1793,entertainment
1794,services_merchant_1794,services
1795,travel_merchant_1795,travel
1796,rent_merchant_1796,rent
1797,travel_merchant_1797,travel
1798,health_merchant_1798,health
1799,restaurants_merchant_1799,restaurants
1800,utilities_merchant_1800,utilities
1801,restaurants_merchant_1801,restaurants
1802,retail_merchant_1802,retail
1803,retail_merchant_1803,retail
1804,services_merchant_1804,services
1805,travel_merchant_1805,travel
1806,restaurants_merchant_1806,restaurants
1807,fuel_merchant_1807,fuel
1808,fuel_merchant_1808,fuel
1809,fuel_merchant_1809,fuel
1810,groceries_merchant_1810,groceries
1811,entertainment_merchant_1811,entertainment
1812,groceries_merchant_1812,groceries
1813,fuel_merchant_1813,fuel
1814,entertainment_merchant_1814,entertainment
1815,retail_merchant_1815,retail
1816,fuel_merchant_1816,fuel
1817,retail_merchant_1817,retail
1818,retail_merchant_1818,retail
1819,rent_merchant_1819,rent
1820,fuel_merchant_1820,fuel
1821,restaurants_merchant_1821,restaurants
1822,fuel_merchant_1822,fuel
1823,entertainment_merchant_1823,entertainment
1824,utilities_merchant_1824,utilities
1825,groceries_merchant_1825,groceries
1826,utilities_merchant_1826,utilities
1827,travel_merchant_1827,travel
1828,services_merchant_1828,services
1829,retail_merchant_1829,retail
1830,health_merchant_1830,health
1831,entertainment_merchant_1831,entertainment
1832,health_merchant_1832,health
1833,services_merchant_1833,services
1834,groceries_merchant_1834,groceries
1835,restaurants_merchant_1835,restaurants
1836,groceries_merchant_1836,groceries
1837,travel_merchant_1837,travel
1838,travel_merchant_1838,travel
1839,rent_merchant_1839,rent
1840,groceries_merchant_1840,groceries
1841,entertainment_merchant_1841,entertainment
1842,services_merchant_1842,services
1843,utilities_merchant_1843,utilities
1844,rent_merchant_1844,rent
1845,fuel_merchant_1845,fuel
1846,services_merchant_1846,services
1847,travel_merchant_1847,travel
1848,groceries_merchant_1848,groceries
1849,health_merchant_1849,health
1850,services_merchant_1850,services
1851,travel_merchant_1851,travel
1852,restaurants_merchant_1852,restaurants
1853,services_merchant_1853,services
1854,retail_merchant_1854,retail
1855,restaurants_merchant_1855,restaurants
1856,restaurants_merchant_1856,restaurants
1857,entertainment_merchant_1857,entertainment
1858,fuel_merchant_1858,fuel
1859,travel_merchant_1859,travel
1860,services_merchant_1860,services
1861,rent_merchant_1861,rent
1862,fuel_merchant_1862,fuel
1863,rent_merchant_1863,rent
1864,travel_merchant_1864,travel
1865,health_merchant_1865,health
1866,services_merchant_1866,services
1867,rent_merchant_1867,rent
1868,health_merchant_1868,health
1869,restaurants_merchant_1869,restaurants
1870,groceries_merchant_1870,groceries
1871,health_merchant_1871,health
1872,restaurants_merchant_1872,restaurants
1873,rent_merchant_1873,rent
1874,travel_merchant_1874,travel
1875,utilities_merchant_1875,utilities
1876,fuel_merchant_1876,fuel
1877,retail_merchant_1877,retail
1878,rent_merchant_1878,rent
1879,groceries_merchant_1879,groceries
1880,rent_merchant_1880,rent
1881,health_merchant_1881,health
1882,rent_merchant_1882,rent
1883,restaurants_merchant_1883,restaurants
1884,rent_merchant_1884,rent
1885,restaurants_merchant_1885,restaurants
1886,restaurants_merchant_1886,restaurants
1887,services_merchant_1887,services
1888,utilities_merchant_1888,utilities
1889,health_merchant_1889,health
1890,fuel_merchant_1890,fuel
1891,utilities_merchant_1891,utilities
1892,retail_merchant_1892,retail
1893,groceries_merchant_1893,groceries
1894,entertainment_merchant_1894,entertainment
1895,fuel_merchant_1895,fuel
1896,fuel_merchant_1896,fuel
1897,fuel_merchant_1897,fuel
1898,utilities_merchant_1898,utilities
1899,entertainment_merchant_1899,entertainment
1900,fuel_merchant_1900,fuel
1901,groceries_merchant_1901,groceries
1902,restaurants_merchant_1902,restaurants
1903,utilities_merchant_1903,utilities
1904,utilities_merchant_1904,utilities
1905,fuel_merchant_1905,fuel
1906,travel_merchant_1906,travel
1907,services_merchant_1907,services
1908,restaurants_merchant_1908,restaurants
1909,travel_merchant_1909,travel
1910,retail_merchant_1910,retail
1911,fuel_merchant_1911,fuel
1912,travel_merchant_1912,travel
1913,services_merchant_1913,services
1914,health_merchant_1914,health
1915,rent_merchant_1915,rent
1916,fuel_merchant_1916,fuel
1917,health_merchant_1917,health
1918,travel_merchant_1918,travel
1919,travel_merchant_1919,travel
1920,travel_merchant_1920,travel
1921,services_merchant_1921,services
1922,rent_merchant_1922,rent
1923,travel_merchant_1923,travel
1924,health_merchant_1924,health
1925,health_merchant_1925,health
1926,restaurants_merchant_1926,restaurants
1927,entertainment_merchant_1927,entertainment
1928,groceries_merchant_1928,groceries
1929,travel_merchant_1929,travel
1930,entertainment_merchant_1930,entertainment
1931,restaurants_merchant_1931,restaurants
1932,fuel_merchant_1932,fuel
1933,rent_merchant_1933,rent
1934,fuel_merchant_1934,fuel
1935,travel_merchant_1935,travel
1936,retail_merchant_1936,retail
1937,rent_merchant_1937,rent
1938,rent_merchant_1938,rent
1939,entertainment_merchant_1939,entertainment
1940,entertainment_merchant_1940,entertainment
1941,restaurants_merchant_1941,restaurants
1942,restaurants_merchant_1942,restaurants
1943,groceries_merchant_1943,groceries
1944,rent_merchant_1944,rent
1945,entertainment_merchant_1945,entertainment
1946,retail_merchant_1946,retail
1947,restaurants_merchant_1947,restaurants
1948,groceries_merchant_1948,groceries
1949,groceries_merchant_1949,groceries
1950,health_merchant_1950,health
1951,restaurants_merchant_1951,restaurants
1952,utilities_merchant_1952,utilities
1953,utilities_merchant_1953,utilities
1954,rent_merchant_1954,rent
1955,services_merchant_1955,services
1956,groceries_merchant_1956,groceries
1957,fuel_merchant_1957,fuel
1958,utilities_merchant_1958,utilities
1959,services_merchant_1959,services
1960,travel_merchant_1960,travel
1961,health_merchant_1961,health
1962,entertainment_merchant_1962,entertainment
1963,fuel_merchant_1963,fuel
1964,services_merchant_1964,services
1965,services_merchant_1965,services
1966,rent_merchant_1966,rent
1967,entertainment_merchant_1967,entertainment
1968,health_merchant_1968,health
1969,retail_merchant_1969,retail
1970,health_merchant_1970,health
1971,restaurants_merchant_1971,restaurants
1972,health_merchant_1972,health
1973,groceries_merchant_1973,groceries
1974,services_merchant_1974,services
1975,restaurants_merchant_1975,restaurants
1976,retail_merchant_1976,retail
1977,health_merchant_1977,health
1978,entertainment_merchant_1978,entertainment
1979,services_merchant_1979,services
1980,retail_merchant_1980,retail
1981,rent_merchant_1981,rent
1982,retail_merchant_1982,retail
1983,restaurants_merchant_1983,restaurants
1984,retail_merchant_1984,retail
1985,health_merchant_1985,health
1986,retail_merchant_1986,retail
1987,entertainment_merchant_1987,entertainment
1988,services_merchant_1988,services
1989,fuel_merchant_1989,fuel
1990,utilities_merchant_1990,utilities
1991,services_merchant_1991,services
1992,services_merchant_1992,services
1993,utilities_merchant_1993,utilities
1994,groceries_merchant_1994,groceries
1995,services_merchant_1995,services
1996,entertainment_merchant_1996,entertainment
1997,groceries_merchant_1997,groceries
1998,utilities_merchant_1998,utilities
1999,retail_merchant_1999,retail
2000,health_merchant_2000,health
2001,retail_merchant_2001,retail
2002,services_merchant_2002,services
2003,retail_merchant_2003,retail
2004,health_merchant_2004,health
2005,retail_merchant_2005,retail
2006,fuel_merchant_2006,fuel
2007,retail_merchant_2007,retail
2008,health_merchant_2008,health
2009,travel_merchant_2009,travel
2010,health_merchant_2010,health
2011,entertainment_merchant_2011,entertainment
2012,fuel_merchant_2012,fuel
2013,entertainment_merchant_2013,entertainment
2014,services_merchant_2014,services
2015,fuel_merchant_2015,fuel
2016,rent_merchant_2016,rent
2017,restaurants_merchant_2017,restaurants
2018,travel_merchant_2018,travel
2019,restaurants_merchant_2019,restaurants
2020,retail_merchant_2020,retail
2021,rent_merchant_2021,rent
2022,fuel_merchant_2022,fuel
2023,services_merchant_2023,services
2024,entertainment_merchant_2024,entertainment
2025,utilities_merchant_2025,utilities
2026,health_merchant_2026,health
2027,groceries_merchant_2027,groceries
2028,rent_merchant_2028,rent
2029,restaurants_merchant_2029,restaurants
2030,groceries_merchant_2030,groceries
2031,rent_merchant_2031,rent
2032,travel_merchant_2032,travel
2033,fuel_merchant_2033,fuel
2034,health_merchant_2034,health
2035,travel_merchant_2035,travel
2036,fuel_merchant_2036,fuel
2037,utilities_merchant_2037,utilities
2038,services_merchant_2038,services
2039,services_merchant_2039,services
2040,rent_merchant_2040,rent
2041,fuel_merchant_2041,fuel
2042,health_merchant_2042,health
2043,utilities_merchant_2043,utilities
2044,travel_merchant_2044,travel
2045,rent_merchant_2045,rent
2046,retail_merchant_2046,retail
2047,retail_merchant_2047,retail
2048,health_merchant_2048,health
2049,services_merchant_2049,services
2050,entertainment_merchant_2050,entertainment
2051,utilities_merchant_2051,utilities
2052,groceries_merchant_2052,groceries
2053,rent_merchant_2053,rent
2054,restaurants_merchant_2054,restaurants
2055,entertainment_merchant_2055,entertainment
2056,entertainment_merchant_2056,entertainment
2057,fuel_merchant_2057,fuel
2058,utilities_merchant_2058,utilities
2059,retail_merchant_2059,retail
2060,entertainment_merchant_2060,entertainment
2061,health_merchant_2061,health
2062,services_merchant_2062,services
2063,entertainment_merchant_2063,entertainment
2064,travel_merchant_2064,travel
2065,retail_merchant_2065,retail
2066,groceries_merchant_2066,groceries
2067,services_merchant_2067,services
2068,retail_merchant_2068,retail
2069,fuel_merchant_2069,fuel
2070,rent_merchant_2070,rent
2071,retail_merchant_2071,retail
2072,utilities_merchant_2072,utilities
2073,services_merchant_2073,services
2074,restaurants_merchant_2074,restaurants
2075,health_merchant_2075,health
2076,utilities_merchant_2076,utilities
2077,rent_merchant_2077,rent
2078,retail_merchant_2078,retail
2079,rent_merchant_2079,rent
2080,entertainment_merchant_2080,entertainment
2081,entertainment_merchant_2081,entertainment
2082,services_merchant_2082,services
2083,rent_merchant_2083,rent
2084,entertainment_merchant_2084,entertainment
2085,groceries_merchant_2085,groceries
2086,rent_merchant_2086,rent
2087,health_merchant_2087,health
2088,health_merchant_2088,health
2089,retail_merchant_2089,retail
2090,fuel_merchant_2090,fuel
2091,health_merchant_2091,health
2092,health_merchant_2092,health
2093,restaurants_merchant_2093,restaurants
2094,travel_merchant_2094,travel
2095,travel_merchant_2095,travel
2096,travel_merchant_2096,travel
2097,health_merchant_2097,health
2098,retail_merchant_2098,retail
2099,travel_merchant_2099,travel
2100,restaurants_merchant_2100,restaurants
2101,utilities_merchant_2101,utilities
2102,travel_merchant_2102,travel
2103,retail_merchant_2103,retail
2104,entertainment_merchant_2104,entertainment
2105,rent_merchant_2105,rent
2106,health_merchant_2106,health
2107,retail_merchant_2107,retail
2108,services_merchant_2108,services
2109,restaurants_merchant_2109,restaurants
2110,rent_merchant_2110,rent
2111,restaurants_merchant_2111,restaurants
2112,groceries_merchant_2112,groceries
2113,services_merchant_2113,services
2114,utilities_merchant_2114,utilities
2115,utilities_merchant_2115,utilities
2116,fuel_merchant_2116,fuel
2117,health_merchant_2117,health
2118,rent_merchant_2118,rent
2119,utilities_merchant_2119,utilities
2120,rent_merchant_2120,rent
2121,groceries_merchant_2121,groceries
2122,entertainment_merchant_2122,entertainment
2123,groceries_merchant_2123,groceries
2124,entertainment_merchant_2124,entertainment
2125,rent_merchant_2125,rent
2126,fuel_merchant_2126,fuel
2127,services_merchant_2127,services
2128,entertainment_merchant_2128,entertainment
2129,restaurants_merchant_2129,restaurants
2130,travel_merchant_2130,travel
2131,restaurants_merchant_2131,restaurants
2132,restaurants_merchant_2132,restaurants
2133,travel_merchant_2133,travel
2134,restaurants_merchant_2134,restaurants
2135,restaurants_merchant_2135,restaurants
2136,fuel_merchant_2136,fuel
2137,retail_merchant_2137,retail
2138,groceries_merchant_2138,groceries
2139,utilities_merchant_2139,utilities
2140,services_merchant_2140,services
2141,health_merchant_2141,health
2142,travel_merchant_2142,travel
2143,groceries_merchant_2143,groceries
2144,entertainment_merchant_2144,entertainment
2145,retail_merchant_2145,retail
2146,fuel_merchant_2146,fuel
2147,restaurants_merchant_2147,restaurants
2148,travel_merchant_2148,travel
2149,groceries_merchant_2149,groceries
2150,fuel_merchant_2150,fuel
2151,entertainment_merchant_2151,entertainment
2152,rent_merchant_2152,rent
2153,rent_merchant_2153,rent
2154,fuel_merchant_2154,fuel
2155,utilities_merchant_2155,utilities
2156,groceries_merchant_2156,groceries
2157,health_merchant_2157,health
2158,rent_merchant_2158,rent
2159,retail_merchant_2159,retail
2160,health_merchant_2160,health
2161,restaurants_merchant_2161,restaurants
2162,utilities_merchant_2162,utilities
2163,services_merchant_2163,services
2164,fuel_merchant_2164,fuel
2165,health_merchant_2165,health
2166,retail_merchant_2166,retail
2167,entertainment_merchant_2167,entertainment
2168,services_merchant_2168,services
2169,entertainment_merchant_2169,entertainment
2170,utilities_merchant_2170,utilities
2171,services_merchant_2171,services
2172,fuel_merchant_2172,fuel
2173,retail_merchant_2173,retail
2174,rent_merchant_2174,rent
2175,rent_merchant_2175,rent
2176,travel_merchant_2176,travel
2177,fuel_merchant_2177,fuel
2178,travel_merchant_2178,travel
2179,entertainment_merchant_2179,entertainment
2180,restaurants_merchant_2180,restaurants
2181,travel_merchant_2181,travel
2182,groceries_merchant_2182,groceries
2183,travel_merchant_2183,travel
2184,health_merchant_2184,health
2185,rent_merchant_2185,rent
2186,retail_merchant_2186,retail
2187,utilities_merchant_2187,utilities
2188,retail_merchant_2188,retail
2189,health_merchant_2189,health
2190,retail_merchant_2190,retail
2191,entertainment_merchant_2191,entertainment
2192,rent_merchant_2192,rent
2193,utilities_merchant_2193,utilities
2194,retail_merchant_2194,retail
2195,utilities_merchant_2195,utilities
2196,groceries_merchant_2196,groceries
2197,rent_merchant_2197,rent
2198,entertainment_merchant_2198,entertainment
2199,rent_merchant_2199,rent
2200,retail_merchant_2200,retail
2201,services_merchant_2201,services
2202,groceries_merchant_2202,groceries
2203,health_merchant_2203,health
2204,utilities_merchant_2204,utilities
2205,fuel_merchant_2205,fuel
2206,entertainment_merchant_2206,entertainment
2207,retail_merchant_2207,retail
2208,rent_merchant_2208,rent
2209,restaurants_merchant_2209,restaurants
2210,health_merchant_2210,health
2211,rent_merchant_2211,rent
2212,utilities_merchant_2212,utilities
2213,fuel_merchant_2213,fuel
2214,retail_merchant_2214,retail
2215,fuel_merchant_2215,fuel
2216,utilities_merchant_2216,utilities
2217,retail_merchant_2217,retail
2218,restaurants_merchant_2218,restaurants
2219,services_merchant_2219,services
2220,health_merchant_2220,health
2221,restaurants_merchant_2221,restaurants
2222,services_merchant_2222,services
2223,health_merchant_2223,health
2224,services_merchant_2224,services
2225,rent_merchant_2225,rent
2226,entertainment_merchant_2226,entertainment
2227,retail_merchant_2227,retail
2228,entertainment_merchant_2228,entertainment
2229,rent_merchant_2229,rent
2230,utilities_merchant_2230,utilities
2231,restaurants_merchant_2231,restaurants
2232,services_merchant_2232,services
2233,groceries_merchant_2233,groceries
2234,rent_merchant_2234,rent
2235,rent_merchant_2235,rent
2236,travel_merchant_2236,travel
2237,restaurants_merchant_2237,restaurants
2238,groceries_merchant_2238,groceries
2239,retail_merchant_2239,retail
2240,health_merchant_2240,health
2241,rent_merchant_2241,rent
2242,health_merchant_2242,health
2243,restaurants_merchant_2243,restaurants
2244,restaurants_merchant_2244,restaurants
2245,entertainment_merchant_2245,entertainment
2246,services_merchant_2246,services
2247,rent_merchant_2247,rent
2248,health_merchant_2248,health
2249,rent_merchant_2249,rent
2250,fuel_merchant_2250,fuel
2251,utilities_merchant_2251,utilities
2252,rent_merchant_2252,rent
2253,services_merchant_2253,services
2254,entertainment_merchant_2254,entertainment
2255,services_merchant_2255,services
2256,health_merchant_2256,health
2257,restaurants_merchant_2257,restaurants
2258,fuel_merchant_2258,fuel
2259,health_merchant_2259,health
2260,retail_merchant_2260,retail
2261,retail_merchant_2261,retail
2262,fuel_merchant_2262,fuel
2263,utilities_merchant_2263,utilities
2264,restaurants_merchant_2264,restaurants
2265,fuel_merchant_2265,fuel
2266,travel_merchant_2266,travel
2267,retail_merchant_2267,retail
2268,rent_merchant_2268,rent
2269,groceries_merchant_2269,groceries
2270,restaurants_merchant_2270,restaurants
2271,retail_merchant_2271,retail
2272,health_merchant_2272,health
2273,entertainment_merchant_2273,entertainment
2274,restaurants_merchant_2274,restaurants
2275,travel_merchant_2275,travel
2276,health_merchant_2276,health
2277,health_merchant_2277,health
2278,restaurants_merchant_2278,restaurants
2279,groceries_merchant_2279,groceries
2280,travel_merchant_2280,travel
2281,entertainment_merchant_2281,entertainment
2282,rent_merchant_2282,rent
2283,groceries_merchant_2283,groceries
2284,health_merchant_2284,health
2285,travel_merchant_2285,travel
2286,fuel_merchant_2286,fuel
2287,services_merchant_2287,services
2288,services_merchant_2288,services
2289,entertainment_merchant_2289,entertainment
2290,groceries_merchant_2290,groceries
2291,health_merchant_2291,health
2292,entertainment_merchant_2292,entertainment
2293,restaurants_merchant_2293,restaurants
2294,fuel_merchant_2294,fuel
2295,services_merchant_2295,services
2296,restaurants_merchant_2296,restaurants
2297,travel_merchant_2297,travel
2298,restaurants_merchant_2298,restaurants
2299,services_merchant_2299,services
2300,rent_merchant_2300,rent
2301,fuel_merchant_2301,fuel
2302,travel_merchant_2302,travel
2303,health_merchant_2303,health
2304,services_merchant_2304,services
2305,travel_merchant_2305,travel
2306,restaurants_merchant_2306,restaurants
2307,rent_merchant_2307,rent
2308,utilities_merchant_2308,utilities
2309,entertainment_merchant_2309,entertainment
2310,groceries_merchant_2310,groceries
2311,health_merchant_2311,health
2312,rent_merchant_2312,rent
2313,health_merchant_2313,health
2314,restaurants_merchant_2314,restaurants
2315,entertainment_merchant_2315,entertainment
2316,entertainment_merchant_2316,entertainment
2317,groceries_merchant_2317,groceries
2318,groceries_merchant_2318,groceries
2319,health_merchant_2319,health
2320,groceries_merchant_2320,groceries
2321,rent_merchant_2321,rent
2322,retail_merchant_2322,retail
2323,travel_merchant_2323,travel
2324,health_merchant_2324,health
2325,restaurants_merchant_2325,restaurants
2326,fuel_merchant_2326,fuel
2327,utilities_merchant_2327,utilities
2328,health_merchant_2328,health
2329,fuel_merchant_2329,fuel
2330,services_merchant_2330,services
2331,fuel_merchant_2331,fuel
2332,utilities_merchant_2332,utilities
2333,entertainment_merchant_2333,entertainment
2334,fuel_merchant_2334,fuel
2335,restaurants_merchant_2335,restaurants
2336,utilities_merchant_2336,utilities
2337,travel_merchant_2337,travel
2338,entertainment_merchant_2338,entertainment
2339,travel_merchant_2339,travel
2340,retail_merchant_2340,retail
2341,utilities_merchant_2341,utilities
2342,entertainment_merchant_2342,entertainment
2343,travel_merchant_2343,travel
2344,retail_merchant_2344,retail
2345,groceries_merchant_2345,groceries
2346,entertainment_merchant_2346,entertainment
2347,health_merchant_2347,health
2348,fuel_merchant_2348,fuel
2349,entertainment_merchant_2349,entertainment
2350,entertainment_merchant_2350,entertainment
2351,utilities_merchant_2351,utilities
2352,travel_merchant_2352,travel
2353,restaurants_merchant_2353,restaurants
2354,services_merchant_2354,services
2355,fuel_merchant_2355,fuel
2356,health_merchant_2356,health
2357,travel_merchant_2357,travel
2358,restaurants_merchant_2358,restaurants
2359,groceries_merchant_2359,groceries
2360,utilities_merchant_2360,utilities
2361,groceries_merchant_2361,groceries
2362,travel_merchant_2362,travel
2363,health_merchant_2363,health
2364,travel_merchant_2364,travel
2365,retail_merchant_2365,retail
2366,rent_merchant_2366,rent
2367,utilities_merchant_2367,utilities
2368,fuel_merchant_2368,fuel
2369,entertainment_merchant_2369,entertainment
2370,services_merchant_2370,services
2371,fuel_merchant_2371,fuel
2372,health_merchant_2372,health
2373,health_merchant_2373,health
2374,retail_merchant_2374,retail
2375,services_merchant_2375,services
2376,restaurants_merchant_2376,restaurants
2377,restaurants_merchant_2377,restaurants
2378,utilities_merchant_2378,utilities
2379,travel_merchant_2379,travel
2380,retail_merchant_2380,retail
2381,restaurants_merchant_2381,restaurants
2382,rent_merchant_2382,rent
2383,groceries_merchant_2383,groceries
2384,rent_merchant_2384,rent
2385,travel_merchant_2385,travel
2386,restaurants_merchant_2386,restaurants
2387,retail_merchant_2387,retail
2388,retail_merchant_2388,retail
2389,utilities_merchant_2389,utilities
2390,fuel_merchant_2390,fuel
2391,services_merchant_2391,services
2392,groceries_merchant_2392,groceries
2393,fuel_merchant_2393,fuel
2394,entertainment_merchant_2394,entertainment
2395,fuel_merchant_2395,fuel
2396,groceries_merchant_2396,groceries
2397,groceries_merchant_2397,groceries
2398,fuel_merchant_2398,fuel
2399,entertainment_merchant_2399,entertainment
2400,fuel_merchant_2400,fuel
2401,services_merchant_2401,services
2402,services_merchant_2402,services
2403,health_merchant_2403,health
2404,travel_merchant_2404,travel
2405,restaurants_merchant_2405,restaurants
2406,services_merchant_2406,services
2407,travel_merchant_2407,travel
2408,travel_merchant_2408,travel
2409,rent_merchant_2409,rent
2410,fuel_merchant_2410,fuel
2411,fuel_merchant_2411,fuel
2412,health_merchant_2412,health
2413,groceries_merchant_2413,groceries
2414,fuel_merchant_2414,fuel
2415,services_merchant_2415,services
2416,retail_merchant_2416,retail
2417,entertainment_merchant_2417,entertainment
2418,services_merchant_2418,services
2419,utilities_merchant_2419,utilities
2420,travel_merchant_2420,travel
2421,services_merchant_2421,services
2422,restaurants_merchant_2422,restaurants
2423,entertainment_merchant_2423,entertainment
2424,restaurants_merchant_2424,restaurants
2425,retail_merchant_2425,retail
2426,utilities_merchant_2426,utilities
2427,services_merchant_2427,services
2428,rent_merchant_2428,rent
2429,rent_merchant_2429,rent
2430,entertainment_merchant_2430,entertainment
2431,health_merchant_2431,health
2432,retail_merchant_2432,retail
2433,groceries_merchant_2433,groceries
2434,retail_merchant_2434,retail
2435,groceries_merchant_2435,groceries
2436,health_merchant_2436,health
2437,retail_merchant_2437,retail
2438,groceries_merchant_2438,groceries
2439,retail_merchant_2439,retail
2440,rent_merchant_2440,rent
2441,entertainment_merchant_2441,entertainment
2442,entertainment_merchant_2442,entertainment
2443,retail_merchant_2443,retail
2444,entertainment_merchant_2444,entertainment
2445,groceries_merchant_2445,groceries
2446,entertainment_merchant_2446,entertainment
2447,restaurants_merchant_2447,restaurants
2448,retail_merchant_2448,retail
2449,groceries_merchant_2449,groceries
2450,restaurants_merchant_2450,restaurants
2451,retail_merchant_2451,retail
2452,health_merchant_2452,health
2453,retail_merchant_2453,retail
2454,fuel_merchant_2454,fuel
2455,services_merchant_2455,services
2456,restaurants_merchant_2456,restaurants
2457,fuel_merchant_2457,fuel
2458,services_merchant_2458,services
2459,utilities_merchant_2459,utilities
2460,services_merchant_2460,services
2461,health_merchant_2461,health
2462,utilities_merchant_2462,utilities
2463,services_merchant_2463,services
2464,restaurants_merchant_2464,restaurants
2465,groceries_merchant_2465,groceries
2466,rent_merchant_2466,rent
2467,services_merchant_2467,services
2468,fuel_merchant_2468,fuel
2469,travel_merchant_2469,travel
2470,health_merchant_2470,health
2471,fuel_merchant_2471,fuel
2472,utilities_merchant_2472,utilities
2473,entertainment_merchant_2473,entertainment
2474,rent_merchant_2474,rent
2475,groceries_merchant_2475,groceries
2476,services_merchant_2476,services
2477,utilities_merchant_2477,utilities
2478,groceries_merchant_2478,groceries
2479,fuel_merchant_2479,fuel
2480,restaurants_merchant_2480,restaurants
2481,fuel_merchant_2481,fuel
2482,restaurants_merchant_2482,restaurants
2483,groceries_merchant_2483,groceries
2484,health_merchant_2484,health
2485,groceries_merchant_2485,groceries
2486,travel_merchant_2486,travel
2487,groceries_merchant_2487,groceries
2488,utilities_merchant_2488,utilities
2489,retail_merchant_2489,retail
2490,health_merchant_2490,health
2491,services_merchant_2491,services
2492,services_merchant_2492,services
2493,restaurants_merchant_2493,restaurants
2494,services_merchant_2494,services
2495,health_merchant_2495,health
2496,groceries_merchant_2496,groceries
2497,travel_merchant_2497,travel
2498,rent_merchant_2498,rent
2499,utilities_merchant_2499,utilities
2500,restaurants_merchant_2500,restaurants
2501,restaurants_merchant_2501,restaurants
2502,health_merchant_2502,health
2503,health_merchant_2503,health
2504,restaurants_merchant_2504,restaurants
2505,health_merchant_2505,health
2506,entertainment_merchant_2506,entertainment
2507,rent_merchant_2507,rent
2508,services_merchant_2508,services
2509,travel_merchant_2509,travel
2510,rent_merchant_2510,rent
2511,groceries_merchant_2511,groceries
2512,services_merchant_2512,services
2513,utilities_merchant_2513,utilities
2514,groceries_merchant_2514,groceries
2515,health_merchant_2515,health
2516,rent_merchant_2516,rent
2517,rent_merchant_2517,rent
2518,restaurants_merchant_2518,restaurants
2519,utilities_merchant_2519,utilities
2520,travel_merchant_2520,travel
2521,health_merchant_2521,health
2522,health_merchant_2522,health
2523,travel_merchant_2523,travel
2524,restaurants_merchant_2524,restaurants
2525,fuel_merchant_2525,fuel
2526,services_merchant_2526,services
2527,services_merchant_2527,services
2528,fuel_merchant_2528,fuel
2529,groceries_merchant_2529,groceries
2530,groceries_merchant_2530,groceries
2531,groceries_merchant_2531,groceries
2532,entertainment_merchant_2532,entertainment
2533,rent_merchant_2533,rent
2534,fuel_merchant_2534,fuel
2535,entertainment_merchant_2535,entertainment
2536,rent_merchant_2536,rent
2537,health_merchant_2537,health
2538,restaurants_merchant_2538,restaurants
2539,health_merchant_2539,health
2540,retail_merchant_2540,retail
2541,services_merchant_2541,services
2542,restaurants_merchant_2542,restaurants
2543,utilities_merchant_2543,utilities
2544,utilities_merchant_2544,utilities
2545,entertainment_merchant_2545,entertainment
2546,rent_merchant_2546,rent
2547,services_merchant_2547,services
2548,travel_merchant_2548,travel
2549,travel_merchant_2549,travel
2550,health_merchant_2550,health
2551,utilities_merchant_2551,utilities
2552,utilities_merchant_2552,utilities
2553,entertainment_merchant_2553,entertainment
2554,entertainment_merchant_2554,entertainment
2555,fuel_merchant_2555,fuel
2556,restaurants_merchant_2556,restaurants
2557,restaurants_merchant_2557,restaurants
2558,entertainment_merchant_2558,entertainment
2559,health_merchant_2559,health
2560,restaurants_merchant_2560,restaurants
2561,travel_merchant_2561,travel
2562,services_merchant_2562,services
2563,fuel_merchant_2563,fuel
2564,entertainment_merchant_2564,entertainment
2565,utilities_merchant_2565,utilities
2566,utilities_merchant_2566,utilities
2567,health_merchant_2567,health
2568,utilities_merchant_2568,utilities
2569,services_merchant_2569,services
2570,fuel_merchant_2570,fuel
2571,health_merchant_2571,health
2572,fuel_merchant_2572,fuel
2573,fuel_merchant_2573,fuel
2574,entertainment_merchant_2574,entertainment
2575,groceries_merchant_2575,groceries
2576,rent_merchant_2576,rent
2577,utilities_merchant_2577,utilities
2578,restaurants_merchant_2578,restaurants
2579,utilities_merchant_2579,utilities
2580,groceries_merchant_2580,groceries
2581,rent_merchant_2581,rent
2582,health_merchant_2582,health
2583,health_merchant_2583,health
2584,travel_merchant_2584,travel
2585,groceries_merchant_2585,groceries
2586,rent_merchant_2586,rent
2587,restaurants_merchant_2587,restaurants
2588,services_merchant_2588,services
2589,fuel_merchant_2589,fuel
2590,rent_merchant_2590,rent
2591,fuel_merchant_2591,fuel
2592,health_merchant_2592,health
2593,utilities_merchant_2593,utilities
2594,health_merchant_2594,health
2595,restaurants_merchant_2595,restaurants
2596,restaurants_merchant_2596,restaurants
2597,retail_merchant_2597,retail
2598,groceries_merchant_2598,groceries
2599,utilities_merchant_2599,utilities
2600,rent_merchant_2600,rent
2601,entertainment_merchant_2601,entertainment
2602,groceries_merchant_2602,groceries
2603,rent_merchant_2603,rent
2604,restaurants_merchant_2604,restaurants
2605,restaurants_merchant_2605,restaurants
2606,groceries_merchant_2606,groceries
2607,groceries_merchant_2607,groceries
2608,rent_merchant_2608,rent
2609,rent_merchant_2609,rent
2610,utilities_merchant_2610,utilities
2611,entertainment_merchant_2611,entertainment
2612,health_merchant_2612,health
2613,health_merchant_2613,health
2614,entertainment_merchant_2614,entertainment
2615,groceries_merchant_2615,groceries
2616,retail_merchant_2616,retail
2617,rent_merchant_2617,rent
2618,rent_merchant_2618,rent
2619,health_merchant_2619,health
2620,entertainment_merchant_2620,entertainment
2621,restaurants_merchant_2621,restaurants
2622,travel_merchant_2622,travel
2623,rent_merchant_2623,rent
2624,restaurants_merchant_2624,restaurants
2625,retail_merchant_2625,retail
2626,travel_merchant_2626,travel
2627,travel_merchant_2627,travel
2628,entertainment_merchant_2628,entertainment
2629,rent_merchant_2629,rent
2630,restaurants_merchant_2630,restaurants
2631,health_merchant_2631,health
2632,services_merchant_2632,services
2633,travel_merchant_2633,travel
2634,services_merchant_2634,services
2635,services_merchant_2635,services
2636,restaurants_merchant_2636,restaurants
2637,entertainment_merchant_2637,entertainment
2638,restaurants_merchant_2638,restaurants
2639,groceries_merchant_2639,groceries
2640,rent_merchant_2640,rent
2641,groceries_merchant_2641,groceries
2642,utilities_merchant_2642,utilities
2643,travel_merchant_2643,travel
2644,entertainment_merchant_2644,entertainment
2645,entertainment_merchant_2645,entertainment
2646,retail_merchant_2646,retail
2647,travel_merchant_2647,travel
2648,retail_merchant_2648,retail
2649,groceries_merchant_2649,groceries
2650,fuel_merchant_2650,fuel
2651,services_merchant_2651,services
2652,services_merchant_2652,services
2653,restaurants_merchant_2653,restaurants
2654,fuel_merchant_2654,fuel
2655,fuel_merchant_2655,fuel
2656,groceries_merchant_2656,groceries
2657,retail_merchant_2657,retail
2658,fuel_merchant_2658,fuel
2659,health_merchant_2659,health
2660,health_merchant_2660,health
2661,rent_merchant_2661,rent
2662,services_merchant_2662,services
2663,fuel_merchant_2663,fuel
2664,retail_merchant_2664,retail
2665,restaurants_merchant_2665,restaurants
2666,travel_merchant_2666,travel
2667,services_merchant_2667,services
2668,services_merchant_2668,services
2669,restaurants_merchant_2669,restaurants
2670,fuel_merchant_2670,fuel
2671,utilities_merchant_2671,utilities
2672,utilities_merchant_2672,utilities
2673,groceries_merchant_2673,groceries
2674,entertainment_merchant_2674,entertainment
2675,services_merchant_2675,services
2676,rent_merchant_2676,rent
2677,health_merchant_2677,health
2678,health_merchant_2678,health
2679,services_merchant_2679,services
2680,retail_merchant_2680,retail
2681,entertainment_merchant_2681,entertainment
2682,groceries_merchant_2682,groceries
2683,entertainment_merchant_2683,entertainment
2684,groceries_merchant_2684,groceries
2685,utilities_merchant_2685,utilities
2686,restaurants_merchant_2686,restaurants
2687,entertainment_merchant_2687,entertainment
2688,utilities_merchant_2688,utilities
2689,entertainment_merchant_2689,entertainment
2690,travel_merchant_2690,travel
2691,health_merchant_2691,health
2692,health_merchant_2692,health
2693,utilities_merchant_2693,utilities
2694,retail_merchant_2694,retail
2695,groceries_merchant_2695,groceries
2696,travel_merchant_2696,travel
2697,services_merchant_2697,services
2698,utilities_merchant_2698,utilities
2699,fuel_merchant_2699,fuel
2700,entertainment_merchant_2700,entertainment
2701,travel_merchant_2701,travel
2702,groceries_merchant_2702,groceries
2703,services_merchant_2703,services
2704,groceries_merchant_2704,groceries
2705,groceries_merchant_2705,groceries
2706,restaurants_merchant_2706,restaurants
2707,groceries_merchant_2707,groceries
2708,groceries_merchant_2708,groceries
2709,groceries_merchant_2709,groceries
2710,fuel_merchant_2710,fuel
2711,utilities_merchant_2711,utilities
2712,fuel_merchant_2712,fuel
2713,services_merchant_2713,services
2714,fuel_merchant_2714,fuel
2715,restaurants_merchant_2715,restaurants
2716,health_merchant_2716,health
2717,retail_merchant_2717,retail
2718,retail_merchant_2718,retail
2719,services_merchant_2719,services
2720,health_merchant_2720,health
2721,services_merchant_2721,services
2722,utilities_merchant_2722,utilities
2723,entertainment_merchant_2723,entertainment
2724,utilities_merchant_2724,utilities
2725,services_merchant_2725,services
2726,restaurants_merchant_2726,restaurants
2727,utilities_merchant_2727,utilities
2728,entertainment_merchant_2728,entertainment
2729,groceries_merchant_2729,groceries
2730,utilities_merchant_2730,utilities
2731,restaurants_merchant_2731,restaurants
2732,retail_merchant_2732,retail
2733,utilities_merchant_2733,utilities
2734,restaurants_merchant_2734,restaurants
2735,restaurants_merchant_2735,restaurants
2736,retail_merchant_2736,retail
2737,fuel_merchant_2737,fuel
2738,retail_merchant_2738,retail
2739,services_merchant_2739,services
2740,entertainment_merchant_2740,entertainment
2741,restaurants_merchant_2741,restaurants
2742,entertainment_merchant_2742,entertainment
2743,groceries_merchant_2743,groceries
2744,fuel_merchant_2744,fuel
2745,groceries_merchant_2745,groceries
2746,restaurants_merchant_2746,restaurants
2747,travel_merchant_2747,travel
2748,travel_merchant_2748,travel
2749,health_merchant_2749,health
2750,health_merchant_2750,health
2751,entertainment_merchant_2751,entertainment
2752,entertainment_merchant_2752,entertainment
2753,restaurants_merchant_2753,restaurants
2754,health_merchant_2754,health
2755,retail_merchant_2755,retail
2756,health_merchant_2756,health
2757,services_merchant_2757,services
2758,retail_merchant_2758,retail
2759,health_merchant_2759,health
2760,retail_merchant_2760,retail
2761,health_merchant_2761,health
2762,services_merchant_2762,services
2763,utilities_merchant_2763,utilities
2764,groceries_merchant_2764,groceries
2765,retail_merchant_2765,retail
2766,utilities_merchant_2766,utilities
2767,fuel_merchant_2767,fuel
2768,health_merchant_2768,health
2769,retail_merchant_2769,retail
2770,health_merchant_2770,health
2771,groceries_merchant_2771,groceries
2772,services_merchant_2772,services
2773,retail_merchant_2773,retail
2774,rent_merchant_2774,rent
2775,services_merchant_2775,services
2776,services_merchant_2776,services
2777,fuel_merchant_2777,fuel
2778,travel_merchant_2778,travel
2779,health_merchant_2779,health
2780,services_merchant_2780,services
2781,groceries_merchant_2781,groceries
2782,retail_merchant_2782,retail
2783,fuel_merchant_2783,fuel
2784,services_merchant_2784,services
2785,services_merchant_2785,services
2786,entertainment_merchant_2786,entertainment
2787,utilities_merchant_2787,utilities
2788,rent_merchant_2788,rent
2789,utilities_merchant_2789,utilities
2790,retail_merchant_2790,retail
2791,utilities_merchant_2791,utilities
2792,fuel_merchant_2792,fuel
2793,services_merchant_2793,services
2794,health_merchant_2794,health
2795,utilities_merchant_2795,utilities
2796,entertainment_merchant_2796,entertainment
2797,utilities_merchant_2797,utilities
2798,fuel_merchant_2798,fuel
2799,groceries_merchant_2799,groceries
2800,fuel_merchant_2800,fuel
2801,health_merchant_2801,health
2802,travel_merchant_2802,travel
2803,retail_merchant_2803,retail
2804,fuel_merchant_2804,fuel
2805,fuel_merchant_2805,fuel
2806,fuel_merchant_2806,fuel
2807,services_merchant_2807,services
2808,restaurants_merchant_2808,restaurants
2809,rent_merchant_2809,rent
2810,restaurants_merchant_2810,restaurants
2811,health_merchant_2811,health
2812,travel_merchant_2812,travel
2813,restaurants_merchant_2813,restaurants
2814,retail_merchant_2814,retail
2815,utilities_merchant_2815,utilities
2816,groceries_merchant_2816,groceries
2817,utilities_merchant_2817,utilities
2818,entertainment_merchant_2818,entertainment
2819,restaurants_merchant_2819,restaurants
2820,entertainment_merchant_2820,entertainment
2821,services_merchant_2821,services
2822,fuel_merchant_2822,fuel
2823,fuel_merchant_2823,fuel
2824,travel_merchant_2824,travel
2825,fuel_merchant_2825,fuel
2826,health_merchant_2826,health
2827,entertainment_merchant_2827,entertainment
2828,utilities_merchant_2828,utilities
2829,health_merchant_2829,health
2830,services_merchant_2830,services
2831,groceries_merchant_2831,groceries
2832,restaurants_merchant_2832,restaurants
2833,rent_merchant_2833,rent
2834,services_merchant_2834,services
2835,restaurants_merchant_2835,restaurants
2836,fuel_merchant_2836,fuel
2837,travel_merchant_2837,travel
2838,restaurants_merchant_2838,restaurants
2839,entertainment_merchant_2839,entertainment
2840,health_merchant_2840,health
2841,fuel_merchant_2841,fuel
2842,travel_merchant_2842,travel
2843,health_merchant_2843,health
2844,services_merchant_2844,services
2845,services_merchant_2845,services
2846,utilities_merchant_2846,utilities
2847,retail_merchant_2847,retail
2848,travel_merchant_2848,travel
2849,entertainment_merchant_2849,entertainment
2850,entertainment_merchant_2850,entertainment
2851,fuel_merchant_2851,fuel
2852,rent_merchant_2852,rent
2853,travel_merchant_2853,travel
2854,retail_merchant_2854,retail
2855,services_merchant_2855,services
2856,entertainment_merchant_2856,entertainment
2857,utilities_merchant_2857,utilities
2858,retail_merchant_2858,retail
2859,restaurants_merchant_2859,restaurants
2860,restaurants_merchant_2860,restaurants
2861,retail_merchant_2861,retail
2862,retail_merchant_2862,retail
2863,rent_merchant_2863,rent
2864,health_merchant_2864,health
2865,restaurants_merchant_2865,restaurants
2866,entertainment_merchant_2866,entertainment
2867,utilities_merchant_2867,utilities
2868,entertainment_merchant_2868,entertainment
2869,services_merchant_2869,services
2870,entertainment_merchant_2870,entertainment
2871,restaurants_merchant_2871,restaurants
2872,health_merchant_2872,health
2873,fuel_merchant_2873,fuel
2874,health_merchant_2874,health
2875,restaurants_merchant_2875,restaurants
2876,services_merchant_2876,services
2877,services_merchant_2877,services
2878,utilities_merchant_2878,utilities
2879,utilities_merchant_2879,utilities
2880,services_merchant_2880,services
2881,rent_merchant_2881,rent
2882,restaurants_merchant_2882,restaurants
2883,restaurants_merchant_2883,restaurants
2884,utilities_merchant_2884,utilities
2885,groceries_merchant_2885,groceries
2886,restaurants_merchant_2886,restaurants
2887,health_merchant_2887,health
2888,fuel_merchant_2888,fuel
2889,entertainment_merchant_2889,entertainment
2890,rent_merchant_2890,rent
2891,services_merchant_2891,services
2892,restaurants_merchant_2892,restaurants
2893,groceries_merchant_2893,groceries
2894,services_merchant_2894,services
2895,health_merchant_2895,health
2896,fuel_merchant_2896,fuel
2897,fuel_merchant_2897,fuel
2898,fuel_merchant_2898,fuel
2899,entertainment_merchant_2899,entertainment
2900,fuel_merchant_2900,fuel
2901,retail_merchant_2901,retail
2902,travel_merchant_2902,travel
2903,entertainment_merchant_2903,entertainment
2904,retail_merchant_2904,retail
2905,travel_merchant_2905,travel
2906,fuel_merchant_2906,fuel
2907,travel_merchant_2907,travel
2908,utilities_merchant_2908,utilities
2909,health_merchant_2909,health
2910,groceries_merchant_2910,groceries
2911,health_merchant_2911,health
2912,health_merchant_2912,health
2913,health_merchant_2913,health
2914,health_merchant_2914,health
2915,entertainment_merchant_2915,entertainment
2916,services_merchant_2916,services
2917,travel_merchant_2917,travel
2918,restaurants_merchant_2918,restaurants
2919,health_merchant_2919,health
2920,health_merchant_2920,health
2921,utilities_merchant_2921,utilities
2922,rent_merchant_2922,rent
2923,services_merchant_2923,services
2924,services_merchant_2924,services
2925,fuel_merchant_2925,fuel
2926,fuel_merchant_2926,fuel
2927,retail_merchant_2927,retail
2928,fuel_merchant_2928,fuel
2929,retail_merchant_2929,retail
2930,travel_merchant_2930,travel
2931,groceries_merchant_2931,groceries
2932,health_merchant_2932,health
2933,restaurants_merchant_2933,restaurants
2934,services_merchant_2934,services
2935,utilities_merchant_2935,utilities
2936,restaurants_merchant_2936,restaurants
2937,utilities_merchant_2937,utilities
2938,restaurants_merchant_2938,restaurants
2939,retail_merchant_2939,retail
2940,services_merchant_2940,services
2941,health_merchant_2941,health
2942,rent_merchant_2942,rent
2943,utilities_merchant_2943,utilities
2944,services_merchant_2944,services
2945,restaurants_merchant_2945,restaurants
2946,health_merchant_2946,health
2947,travel_merchant_2947,travel
2948,groceries_merchant_2948,groceries
2949,services_merchant_2949,services
2950,groceries_merchant_2950,groceries
2951,travel_merchant_2951,travel
2952,fuel_merchant_2952,fuel
2953,groceries_merchant_2953,groceries
2954,entertainment_merchant_2954,entertainment
2955,groceries_merchant_2955,groceries
2956,retail_merchant_2956,retail
2957,entertainment_merchant_2957,entertainment
2958,fuel_merchant_2958,fuel
2959,groceries_merchant_2959,groceries
2960,retail_merchant_2960,retail
2961,health_merchant_2961,health
2962,entertainment_merchant_2962,entertainment
2963,entertainment_merchant_2963,entertainment
2964,retail_merchant_2964,retail
2965,fuel_merchant_2965,fuel
2966,retail_merchant_2966,retail
2967,restaurants_merchant_2967,restaurants
2968,services_merchant_2968,services
2969,travel_merchant_2969,travel
2970,travel_merchant_2970,travel
2971,restaurants_merchant_2971,restaurants
2972,services_merchant_2972,services
2973,rent_merchant_2973,rent
2974,restaurants_merchant_2974,restaurants
2975,groceries_merchant_2975,groceries
2976,entertainment_merchant_2976,entertainment
2977,utilities_merchant_2977,utilities
2978,fuel_merchant_2978,fuel
2979,entertainment_merchant_2979,entertainment
2980,health_merchant_2980,health
2981,entertainment_merchant_2981,entertainment
2982,restaurants_merchant_2982,restaurants
2983,health_merchant_2983,health
2984,retail_merchant_2984,retail
2985,fuel_merchant_2985,fuel
2986,travel_merchant_2986,travel
2987,retail_merchant_2987,retail
2988,entertainment_merchant_2988,entertainment
2989,travel_merchant_2989,travel
2990,utilities_merchant_2990,utilities
2991,services_merchant_2991,services
2992,health_merchant_2992,health
2993,rent_merchant_2993,rent
2994,rent_merchant_2994,rent
2995,health_merchant_2995,health
2996,restaurants_merchant_2996,restaurants
2997,travel_merchant_2997,travel
2998,retail_merchant_2998,retail
2999,services_merchant_2999,services
